Date,Change in cases,Recent cases,Recent cases % of cases,Total cases,"Total cases  per 100,000",Total hospitalized,Total hospitalized % of cases,Total deaths,Total deaths % of cases,New tests,Daily % positive,Total tests,"Total tests  tests per 100,000",At least one dose,At least one dose % of Ontario  population,Fully vaccinated,Fully vaccinated % of Ontario  population
"November 1, 2020",948,11869,15.3,77655,527,6040,7.8,3152,4.1,27908,4.0,5144369,527,-,-,-,-
"November 2, 2020",1050,12237,15.5,78705,534.2,6070,7.7,3166,4,25279,4,5169648,534.2,-,-,-,-
"November 3, 2020",987,12493,15.7,79692,540.9,6126,7.7,3182,4,28567,3.7,5198215,540.9,-,-,-,-
"November 4, 2020",998,12732,15.8,80690,547.6,6159,7.6,3195,4,35754,3.3,5233969,547.6,-,-,-,-
"November 5, 2020",1003,12945,15.8,81693,554.5,6201,7.6,3209,3.9,41268,3.7,5275237,554.5,-,-,-,-
"November 6, 2020",1132,13063,15.8,82825,562.1,6229,7.5,3220,3.9,39165,3.5,5314402,562.1,-,-,-,-
"November 7, 2020",1328,13106,15.6,84153,571.1,6266,7.4,3223,3.8,37577,4.2,5351979,571.1,-,-,-,-
"November 8, 2020",1242,13356,15.6,85395,579.6,6304,7.4,3245,3.8,28401,5,5380380,579.6,-,-,-,-
"November 9, 2020",1388,13666,15.7,86783,589,6335,7.3,3260,3.8,29125,5.7,5409505,589,-,-,-,-
"November 10, 2020",1426,13951,15.8,88209,598.7,6365,7.2,3275,3.7,36707,5.1,5446212,598.7,-,-,-,-
"November 11, 2020",1575,14393,16,89784,609.4,6434,7.2,3293,3.7,39559,4.3,5485771,609.4,-,-,-,-
"November 12, 2020",1396,14928,16.4,91180,618.8,6466,7.1,3312,3.6,40509,4.5,5526280,618.8,-,-,-,-
"November 13, 2020",1581,15644,16.9,92761,629.6,-,-,3332,3.6,44837,4.2,5571117,629.6,-,-,-,-
"November 14, 2020",1248,16193,17.2,94009,638,6561,7,3361,3.6,42206,3.8,5613323,638,-,-,-,-
"November 15, 2020",1487,16886,17.7,95496,648.1,6619,6.9,3371,3.5,33351,4.1,5646674,648.1,-,-,-,-
"November 16, 2020",1249,17238,17.8,96745,656.6,6669,6.9,3383,3.5,26468,6.1,5673142,656.6,-,-,-,-
"November 17, 2020",1417,17755,18.1,98162,666.2,6741,6.9,3415,3.5,33440,4.5,5706582,666.2,-,-,-,-
"November 18, 2020",1210,17934,18,99372,674.4,6803,6.8,3443,3.5,41838,4.1,5748420,674.4,-,-,-,-
"November 19, 2020",1418,18349,18.2,100790,684.1,6847,6.8,3451,3.4,48173,3.6,5796593,684.1,-,-,-,-
"November 20, 2020",1588,18703,18.3,102378,694.8,6891,6.7,3472,3.4,46671,4.3,5843264,694.8,-,-,-,-
"November 21, 2020",1534,19303,18.6,103912,705.3,6942,6.7,3486,3.4,46389,3.8,5889653,705.3,-,-,-,-
"November 22, 2020",1589,19476,18.5,105501,716,6984,6.6,3505,3.3,37471,4.6,5927124,716,-,-,-,-
"November 23, 2020",1009,19768,18.6,106510,722.9,7011,6.6,3519,3.3,27053,5.8,5954177,722.9,-,-,-,-
"November 24, 2020",1373,19969,18.5,107883,732.2,7062,6.5,3554,3.3,36076,4.7,5990253,732.2,-,-,-,-
"November 25, 2020",1478,20100,18.4,109361,742.2,7145,6.5,3575,3.3,47576,3.9,6037829,742.2,-,-,-,-
"November 26, 2020",1855,20184,18.1,111216,754.8,7214,6.5,3595,3.2,58037,3.7,6095866,754.8,-,-,-,-
"November 27, 2020",1822,19971,17.7,113038,767.2,7287,6.4,3624,3.2,55086,3.4,6150952,767.2,-,-,-,-
"November 28, 2020",1708,20046,17.5,114746,778.8,7393,6.4,3648,3.2,53959,3.7,6204911,778.8,-,-,-,-
"November 29, 2020",1746,20238,17.4,116492,790.6,7438,6.4,3656,3.1,39406,4.6,6244317,790.6,-,-,-,-
"November 30, 2020",1707,20379,17.2,118199,802.2,-,-,3663,3.1,34640,5.1,6278957,802.2,-,-,-,-
"December 1, 2020",1723,20785,17.3,119922,813.9,5874,4.9,3698,3.1,44226,4.7,6323183,813.9,-,-,-,-
"December 2, 2020",1824,21212,17.4,121746,826.3,7601,6.2,3712,3,52873,4.4,6376056,826.3,-,-,-,-
"December 3, 2020",1780,21447,17.4,123526,838.4,7675,6.2,3737,3,56001,3.6,6432057,838.4,-,-,-,-
"December 4, 2020",1859,22031,17.6,125385,851,7745,6.2,3757,3,59399,3.4,6491456,851,-,-,-,-
"December 5, 2020",1924,22291,17.5,127309,864,7792,6.1,3772,3,59251,3.9,6550707,864,-,-,-,-
"December 6, 2020",1925,22747,17.6,129234,877.1,7858,6.1,3798,2.9,45283,4.0,6595990,877.1,-,-,-,-
"December 7, 2020",1676,22924,17.5,130910,888.5,7910,6,3808,2.9,39198,5.0,6635188,888.5,-,-,-,-
"December 8, 2020",1890,23536,17.7,132800,901.3,7984,6,3836,2.9,48546,4.4,6683734,901.3,-,-,-,-
"December 9, 2020",1983,24005,17.8,134783,914.8,-,-,3871,2.9,61809,3.6,6745543,914.8,-,-,-,-
"December 10, 2020",1848,24433,17.9,136631,927.3,8187,6,3916,2.9,63051,3.2,6808594,927.3,-,-,-,-
"December 11, 2020",1873,24844,17.9,138504,940,8246,6,3933,2.8,65260,3.2,6873854,940,-,-,-,-
"December 12, 2020",1677,25255,18,140181,951.4,8323,5.9,3949,2.8,58190,3.2,6932044,951.4,-,-,-,-
"December 13, 2020",1940,25263,17.8,142121,964.6,8378,5.9,3972,2.8,57091,4.6,6989135,964.6,-,-,-,-
"December 14, 2020",2275,25473,17.6,144396,980,8421,5.8,3992,2.8,39566,5.4,7028701,980,12,0,0,0
"December 15, 2020",2139,25715,17.5,146535,994.5,8494,5.8,4035,2.8,49189,5.1,7077890,994.5,453,0,0,0
"December 16, 2020",2432,26101,17.5,148967,1011,8585,5.8,4058,2.7,58178,4.0,7136068,1011,1156,0,0,0
"December 17, 2020",2290,26640,17.6,151257,1026.6,8665,5.7,4098,2.7,68246,3.9,7204314,1026.6,2166,0,0,0
"December 18, 2020",2357,27056,17.6,153614,1042.6,8751,5.7,4125,2.7,67207,4.2,7271521,1042.6,3216,0,0,0
"December 19, 2020",2316,27625,17.7,155930,1058.3,8805,5.6,4150,2.7,69412,3.6,7340933,1058.3,3258,0,0,0
"December 20, 2020",2123,28088,17.8,158053,1072.7,8867,5.6,4167,2.6,54505,4.7,7395438,1072.7,3295,0,0,0
"December 21, 2020",2202,28583,17.8,160255,1087.7,8914,5.6,4188,2.6,45265,5.0,7440703,1087.7,4053,0,0,0
"December 22, 2020",2408,28772,17.7,162663,1104,9006,5.5,4229,2.6,56660,4.8,7497363,1104,6435,0,0,0
"December 23, 2020",2447,29364,17.8,165110,1120.6,9120,5.5,4278,2.6,64592,3.7,7561955,1120.6,10138,0.1,0,0
"December 24, 2020",2159,29701,17.8,167269,1135.3,9189,5.5,4321,2.6,61465,3.4,7623420,1135.3,12039,0.1,0,0
"December 25, 2020",2142,30403,17.9,169411,1149.8,9309,5.5,4359,2.6,49511,3.8,7672931,1149.8,12051,0.1,0,0
"December 26, 2020",2005,30687,17.9,171416,1163.4,9365,5.5,4377,2.6,41783,5.1,7714714,1163.4,12107,0.1,0,0
"December 27, 2020",1939,30763,17.7,173355,1176.6,9455,5.5,4414,2.5,39565,8.6,7754279,1176.6,12322,0.1,0,0
"December 28, 2020",2553,30990,17.6,175908,1193.9,5685,3.2,4455,2.5,34112,9.7,7788391,1193.9,14660,0.1,0,0
"December 29, 2020",2923,31126,17.4,178831,1213.7,9600,5.4,4474,2.5,39210,8.4,7827601,1213.7,19393,0.1,0,0
"December 30, 2020",3328,31292,17.2,182159,1236.3,9707,5.3,4530,2.5,63858,6.0,7891459,1236.3,25039,0.2,0,0
"December 31, 2020",2476,31806,17.2,184635,1253.1,9795,5.3,4581,2.5,70570,5.3,7962029,1253.1,31214,0.2,0,0
"January 1, 2021",3363,32779,17.4,187998,1275.9,9921,5.3,4625,2.5,61401,6.0,8023430,1275.9,35798,0.2,0,0
"January 2, 2021",2964,33246,17.4,190962,1296.1,10021,5.2,4650,2.4,49803,5.6,8073233,1296.1,41120,0.3,1,0
"January 3, 2021",3270,34305,17.7,194232,1318.3,10091,5.2,4679,2.4,39121,9.7,8112354,1318.3,47043,0.3,1,0
"January 4, 2021",3128,35226,17.8,197360,1339.5,10182,5.2,4730,2.4,35152,9.4,8147506,1339.5,56596,0.4,16,0
"January 5, 2021",3266,35852,17.9,200626,1361.7,10308,5.1,4767,2.4,51045,8.5,8198551,1361.7,68787,0.5,456,0
"January 6, 2021",3519,36866,18.1,204145,1385.5,10452,5.1,4856,2.4,65772,6.1,8264323,1385.5,84144,0.6,1139,0
"January 7, 2021",4249,37935,18.2,208394,1414.4,10615,5.1,4882,2.3,71481,6.2,8335804,1414.4,100984,0.7,2117,0
"January 8, 2021",3443,38737,18.3,211837,1437.7,10755,5.1,4922,2.3,72900,5.3,8408704,1437.7,119280,0.8,3137,0
"January 9, 2021",3945,40308,18.7,215782,1464.5,10867,5,4983,2.3,62308,6.2,8471012,1464.5,130516,0.9,3166,0
"January 10, 2021",3338,42415,19.4,219120,1487.2,10969,5,5012,2.3,46403,7.7,8517415,1487.2,142091,1,3189,0
"January 11, 2021",2903,43959,19.8,222023,1506.9,11087,5,5053,2.3,44802,7.8,8562217,1506.9,156108,1.1,3431,0
"January 12, 2021",2961,45174,20.1,224984,1527,11196,5,5127,2.3,50931,6.0,8613148,1527,169791,1.2,4974,0
"January 13, 2021",3326,46167,20.2,228310,1549.5,11348,5,5189,2.3,71169,5.1,8684317,1549.5,186357,1.3,7357,0
"January 14, 2021",2998,46149,20,231308,1569.9,11524,5,5289,2.3,76472,4.6,8760789,1569.9,204137,1.4,9356,0.1
"January 15, 2021",3056,46020,19.6,234364,1590.6,11661,5,5340,2.3,73875,4.9,8834664,1590.6,219902,1.5,10509,0.1
"January 16, 2021",3422,46613,19.6,237786,1613.9,11806,5,5409,2.3,60183,5.2,8894847,1613.9,229805,1.6,11731,0.1
"January 17, 2021",2578,46191,19.2,240364,1631.4,11892,4.9,5433,2.3,40301,6.6,8935148,1631.4,236444,1.6,11789,0.1
"January 18, 2021",1913,46156,19.1,242277,1644.3,11970,4.9,5479,2.3,34531,6.8,8969679,1644.3,246036,1.7,13815,0.1
"January 19, 2021",2655,46013,18.8,244932,1662.4,12106,4.9,5568,2.3,54307,4.9,9023986,1662.4,253107,1.7,17314,0.1
"January 20, 2021",2632,44814,18.1,247564,1680.2,12231,4.9,5614,2.3,70256,4.3,9094242,1680.2,259776,1.8,21355,0.1
"January 21, 2021",2662,44116,17.6,250226,1698.3,12416,5,5701,2.3,71750,3.3,9165992,1698.3,263885,1.8,25989,0.2
"January 22, 2021",2359,43213,17.1,252585,1714.3,12588,5,5753,2.3,63453,4.5,9229445,1714.3,266729,1.8,30357,0.2
"January 23, 2021",2417,42256,16.6,255002,1730.7,12769,5,5803,2.3,48947,4.2,9278392,1730.7,268404,1.8,32883,0.2
"January 24, 2021",1958,40418,15.7,256960,1744,12848,5,5846,2.3,35968,5.5,9314360,1744,269372,1.8,37123,0.3
"January 25, 2021",1740,39095,15.1,258700,1755.8,12923,5,5909,2.3,30717,5.9,9345077,1755.8,272052,1.8,43569,0.3
"January 26, 2021",1670,37624,14.5,260370,1767.1,13073,5,5958,2.3,55191,4.0,9400268,1767.1,274780,1.9,50517,0.3
"January 27, 2021",2093,36370,13.9,262463,1781.3,13183,5,6014,2.3,64664,3.3,9464932,1781.3,280335,1.9,57805,0.4
"January 28, 2021",1837,35184,13.3,264300,1793.8,13291,5,6072,2.3,69040,3.3,9533972,1793.8,283360,1.9,65123,0.4
"January 29, 2021",2063,34028,12.8,266363,1807.8,13367,5,6145,2.3,59594,3.3,9593566,1807.8,285889,1.9,71504,0.5
"January 30, 2021",1848,32654,12.2,268211,1820.4,13499,5,6188,2.3,49352,3.7,9642918,1820.4,287312,1.9,73254,0.5
"January 31, 2021",1969,31668,11.7,270180,1833.7,13533,5,6224,2.3,30359,5.2,9673277,1833.7,287718,2,74843,0.5
"February 1, 2021",745,30245,11.2,270925,1838.8,13486,5,6238,2.3,28552,4.6,9701829,1838.8,288901,2,77799,0.5
"February 2, 2021",1172,29181,10.7,272097,1846.7,13581,5,6305,2.3,52418,3.3,9754247,1846.7,290413,2,82174,0.6
"February 3, 2021",1563,28523,10.4,273660,1857.3,13695,5,6393,2.3,64467,2.6,9818714,1857.3,291929,2,89382,0.6
"February 4, 2021",1670,27416,10,275330,1868.7,13786,5,6438,2.3,62710,2.5,9881424,1868.7,293216,2,96211,0.7
"February 5, 2021",1388,26422,9.5,276718,1878.1,13869,5,6483,2.3,62341,2.6,9943765,1878.1,294884,2,104859,0.7
"February 6, 2021",1489,25254,9.1,278207,1888.2,13966,5,6505,2.3,51658,2.8,9995423,1888.2,296480,2,110617,0.8
"February 7, 2021",1265,24275,8.7,279472,1896.8,14028,5,6538,2.3,28303,4.4,10023726,1896.8,299474,2,115691,0.8
"February 8, 2021",1022,23303,8.3,280494,1903.7,14080,5,6555,2.3,30798,3.3,10054524,1903.7,303135,2.1,126708,0.9
"February 9, 2021",1072,22597,8,281566,1911,14149,5,6596,2.3,52504,2.5,10107028,1911,307853,2.1,137177,0.9
"February 10, 2021",945,21692,7.7,282511,1917.4,14190,5,6614,2.3,68812,2.3,10175840,1917.4,311577,2.1,149507,1
"February 11, 2021",1076,21008,7.4,283587,1924.7,14228,5,6632,2.3,62012,2.2,10237852,1924.7,313463,2.1,164895,1.1
"February 12, 2021",1300,20271,7.1,284887,1933.5,14291,5,6651,2.3,58760,2.3,10296612,1933.5,315728,2.1,178548,1.2
"February 13, 2021",981,19656,6.9,285868,1940.2,14381,5,6693,2.3,48701,2.6,10345313,1940.2,316533,2.1,190424,1.3
"February 14, 2021",964,18885,6.6,286832,1946.7,14430,5,6706,2.3,30355,3.3,10375668,1946.7,316917,2.2,197726,1.3
"February 15, 2021",904,18165,6.3,287736,1952.9,14477,5,6719,2.3,27005,3.6,10402673,1952.9,317781,2.2,202582,1.4
"February 16, 2021",847,17511,6.1,288583,1958.6,14528,5,6729,2.3,33977,3.0,10436650,1958.6,319180,2.2,211003,1.4
"February 17, 2021",1038,17008,5.9,289621,1965.7,14600,5,6773,2.3,56165,2.2,10492815,1965.7,321924,2.2,221782,1.5
"February 18, 2021",1150,16608,5.7,290771,1973.5,14668,5,6820,2.3,65372,2.1,10558187,1973.5,327897,2.2,233891,1.6
"February 19, 2021",1228,16169,5.5,291999,1981.8,14744,5,6848,2.3,57194,2.2,10615381,1981.8,338832,2.3,245207,1.7
"February 20, 2021",1087,15773,5.4,293086,1989.2,14806,5.1,6861,2.3,48178,2.7,10663559,1989.2,349041,2.4,251933,1.7
"February 21, 2021",1058,15581,5.3,294144,1996.4,14851,5,6872,2.3,31163,3.3,10694722,1996.4,357662,2.4,256676,1.7
"February 22, 2021",975,15298,5.2,295119,2003,14894,5,6884,2.3,25979,4.2,10720701,2003,368596,2.5,263245,1.8
"February 23, 2021",1054,15213,5.1,296173,2010.1,14959,5.1,6893,2.3,54852,2.4,10775553,2010.1,381973,2.6,268045,1.8
"February 24, 2021",1138,15098,5.1,297311,2017.9,15008,5,6916,2.3,66351,2.0,10841904,2017.9,398159,2.7,272202,1.8
"February 25, 2021",1258,15029,5,298569,2026.4,15066,5,6944,2.3,64049,2.3,10905953,2026.4,419659,2.8,275079,1.9
"February 26, 2021",1185,15023,5,299754,2034.4,15135,5,6960,2.3,59416,2.1,10965369,2034.4,442940,3,278800,1.9
"February 27, 2021",1062,14905,5,300816,2041.6,15194,5.1,6980,2.3,49185,2.4,11014554,2041.6,461870,3.1,280153,1.9
"February 28, 2021",1023,14924,4.9,301839,2048.6,15231,5,6986,2.3,35015,3.1,11049569,2048.6,478732,3.2,281283,1.9
"March 1, 2021",966,14864,4.9,302805,2055.1,15287,5,6997,2.3,30767,2.9,11080336,2055.1,500556,3.4,283553,1.9
"March 2, 2021",958,14971,4.9,303763,2061.6,15324,5,7014,2.3,52613,2.4,11132949,2061.6,527919,3.6,286036,1.9
"March 3, 2021",994,15046,4.9,304757,2068.4,15371,5,7024,2.3,65643,2.1,11198592,2068.4,559622,3.8,288100,2
"March 4, 2021",1250,15100,4.9,306007,2076.9,15430,5,7046,2.3,64748,2.3,11263340,2076.9,596935,4.1,289756,2
"March 5, 2021",990,15256,5,306997,2083.6,15461,5,7052,2.3,57829,2.3,11321169,2083.6,638058,4.3,291810,2
"March 6, 2021",1299,15281,5,308296,2092.4,15530,5,7067,2.3,46586,3.1,11367755,2092.4,668889,4.5,292906,2
"March 7, 2021",1631,15309,4.9,309927,2103.5,15581,5,7077,2.3,38063,3.4,11405818,2103.5,690770,4.7,294743,2
"March 8, 2021",1185,15387,4.9,311112,2111.5,15625,5,7083,2.3,33264,3.7,11439082,2111.5,719728,4.9,298038,2
"March 9, 2021",1316,15521,5,312428,2120.5,15678,5,7099,2.3,54149,2.5,11493231,2120.5,752937,5.1,302154,2.1
"March 10, 2021",1092,15778,5,313520,2127.9,15747,5,7109,2.3,60619,2.4,11553850,2127.9,792795,5.4,305270,2.1
"March 11, 2021",1371,16026,5.1,314891,2137.2,15812,5,7127,2.3,64611,2.4,11618461,2137.2,838069,5.7,306844,2.1
"March 12, 2021",1468,16128,5.1,316359,2147.1,15860,5,7138,2.3,58431,2.9,11676892,2147.1,892250,6.1,309568,2.1
"March 13, 2021",1747,16280,5.1,318106,2159,15908,5,7153,2.2,47618,3.1,11724510,2159,933820,6.3,310702,2.1
"March 14, 2021",1268,16500,5.2,319374,2167.6,15971,5,7162,2.2,33975,3.8,11758485,2167.6,964629,6.5,312328,2.1
"March 15, 2021",1074,16994,5.3,320448,2174.9,16001,5,7173,2.2,28526,4.5,11787011,2174.9,1015394,6.9,314507,2.1
"March 16, 2021",1508,17292,5.4,321956,2185.1,16060,5,7187,2.2,49128,3.5,11836139,2185.1,1073094,7.3,316885,2.2
"March 17, 2021",1553,17542,5.4,323509,2195.7,16125,5,7202,2.2,58560,3.1,11894699,2195.7,1131399,7.7,319194,2.2
"March 18, 2021",1745,17841,5.5,325254,2207.5,16183,5,7212,2.2,56134,3.3,11950833,2207.5,1191595,8.1,322338,2.2
"March 19, 2021",1829,18219,5.6,327083,2219.9,16236,5,7223,2.2,52083,3.6,12002916,2219.9,1250738,8.5,324793,2.2
"March 20, 2021",1791,18777,5.7,328874,2232.1,16310,5,7241,2.2,49233,3.7,12052149,2232.1,1292521,8.8,326236,2.2
"March 21, 2021",1699,19332,5.8,330573,2243.6,16352,4.9,7244,2.2,31089,5.4,12083238,2243.6,1322193,9,327139,2.2
"March 22, 2021",1546,19862,6,332119,2254.1,16409,4.9,7253,2.2,32556,5.7,12115794,2254.1,1373184,9.3,329758,2.2
"March 23, 2021",1571,20302,6.1,333690,2264.8,16467,4.9,7263,2.2,51962,3.8,12167756,2264.8,1445601,9.8,332755,2.3
"March 24, 2021",2380,20760,6.2,336070,2280.9,16541,4.9,7280,2.2,60077,3.8,12227833,2280.9,1525090,10.4,335131,2.3
"March 25, 2021",2169,21275,6.3,338239,2295.6,16616,4.9,7292,2.2,53436,3.8,12281269,2295.6,1607614,10.9,338396,2.3
"March 26, 2021",2453,21901,6.4,340692,2312.3,16681,4.9,7308,2.1,61005,4.5,12342274,2312.3,1684596,11.4,341125,2.3
"March 27, 2021",2448,22801,6.6,343140,2328.9,16770,4.9,7327,2.1,50227,4.5,12392501,2328.9,1749186,11.9,342537,2.3
"March 28, 2021",2094,23614,6.8,345234,2343.1,16827,4.9,7337,2.1,39470,6.1,12431971,2343.1,1797786,12.2,345085,2.3
"March 29, 2021",2336,24557,7.1,347570,2359,16911,4.9,7351,2.1,36071,6.2,12468042,2359,1867216,12.7,348295,2.4
"March 30, 2021",2333,25374,7.3,349903,2374.8,17005,4.9,7366,2.1,52532,4.8,12520574,2374.8,1955735,13.3,351615,2.4
"March 31, 2021",2557,26410,7.5,352460,2392.2,17095,4.9,7389,2.1,62290,4.8,12582864,2392.2,2040115,13.8,355152,2.4
"April 1, 2021",3089,27401,7.7,355549,2413.1,17187,4.8,7412,2.1,62333,4.6,12645197,2413.1,2127669,14.4,359040,2.4
"April 2, 2021",3009,28337,7.9,358558,2433.5,17285,4.8,7428,2.1,59117,5.0,12704314,2433.5,2186077,14.8,360479,2.4
"April 3, 2021",3041,29462,8.1,361599,2454.2,17367,4.8,7440,2.1,46380,6.5,12750694,2454.2,2255907,15.3,361915,2.5
"April 4, 2021",2938,30725,8.4,364537,2474.1,17473,4.8,7450,2,36563,7.8,12787257,2474.1,2308724,15.7,362272,2.5
"April 5, 2021",3065,31993,8.7,367602,2494.9,17568,4.8,7458,2,37541,8.9,12824798,2494.9,2385639,16.2,363844,2.5
"April 6, 2021",3215,33236,9,370817,2516.7,17665,4.8,7475,2,49889,6.7,12874687,2516.7,2489547,16.9,366503,2.5
"April 7, 2021",3295,34613,9.3,374112,2539.1,17799,4.8,7494,2,63846,6.0,12938533,2539.1,2598508,17.6,370097,2.5
"April 8, 2021",4227,35824,9.5,378339,2567.8,18000,4.8,7512,2,61410,6.3,12999943,2567.8,2702966,18.3,373903,2.5
"April 9, 2021",3813,37469,9.8,382152,2593.7,18161,4.8,7531,2,61439,6.5,13061382,2593.7,2807376,19.1,377264,2.6
"April 10, 2021",4456,39049,10.1,386608,2623.9,18426,4.8,7552,2,56378,7.7,13117760,2623.9,2902044,19.7,380052,2.6
"April 11, 2021",4401,40757,10.4,391009,2653.8,18553,4.7,7567,1.9,47929,9.5,13165689,2653.8,2976412,20.2,380934,2.6
"April 12, 2021",3670,42072,10.7,394679,2678.7,18677,4.7,7582,1.9,42167,10.3,13207856,2678.7,3071460,20.8,383847,2.6
"April 13, 2021",4156,44592,11.2,398835,2706.9,18868,4.7,7610,1.9,54211,8.6,13262067,2706.9,3183809,21.6,387117,2.6
"April 14, 2021",4736,46397,11.5,403571,2739,19164,4.7,7639,1.9,65559,8.0,13327626,2739,3292315,22.3,390637,2.7
"April 15, 2021",4812,48187,11.8,408383,2771.7,19367,4.7,7664,1.9,64304,8.2,13391930,2771.7,3405038,23.1,394341,2.7
"April 16, 2021",4362,50067,12.1,412745,2801.3,19541,4.7,7698,1.9,56852,6.9,13448782,2801.3,3511883,23.8,398316,2.7
"April 17, 2021",4250,52130,12.5,416995,2830.2,19836,4.8,7716,1.9,53776,9.2,13502558,2830.2,3597629,24.4,400045,2.7
"April 18, 2021",4447,53878,12.8,421442,2860.3,20039,4.8,7735,1.8,42873,10.5,13545431,2860.3,3664582,24.9,401285,2.7
"April 19, 2021",3469,54556,12.8,424911,2883.9,20198,4.8,7757,1.8,40596,10.0,13586027,2883.9,3762013,25.5,403959,2.7
"April 20, 2021",4212,56184,13.1,429123,2912.5,20440,4.8,7789,1.8,51877,7.9,13637904,2912.5,3898725,26.5,407457,2.8
"April 21, 2021",3682,57411,13.3,432805,2937.5,20696,4.8,7829,1.8,54246,7.8,13692150,2937.5,4032836,27.4,410852,2.8
"April 22, 2021",4505,58120,13.3,437310,2968,20917,4.8,7863,1.8,56206,8.8,13748356,2968,4163518,28.3,416323,2.8
"April 23, 2021",4094,58671,13.3,441404,2995.8,21195,4.8,7887,1.8,52160,7.8,13800516,2995.8,4288703,29.1,419658,2.8
"April 24, 2021",3947,58880,13.2,445351,3022.6,21388,4.8,7911,1.8,46694,8.7,13847210,3022.6,4386515,29.8,422371,2.9
"April 25, 2021",3510,59457,13.2,448861,3046.4,21561,4.8,7935,1.8,33822,10.9,13881032,3046.4,4455258,30.2,423688,2.9
"April 26, 2021",3265,59468,13.2,452126,3068.6,21732,4.8,7964,1.8,34000,10.2,13915032,3068.6,4549783,30.9,425975,2.9
"April 27, 2021",3480,58620,12.9,455606,3092.2,21929,4.8,7988,1.8,50194,7.2,13965226,3092.2,4664702,31.7,429808,2.9
"April 28, 2021",3871,58296,12.7,459477,3118.5,22131,4.8,8029,1.7,56939,7.6,14022165,3118.5,4782907,32.5,434194,2.9
"April 29, 2021",3887,57343,12.4,463364,3144.9,22381,4.8,8050,1.7,53074,7.4,14075239,3144.9,4892452,33.2,438553,3
"April 30, 2021",3369,56601,12.1,466733,3167.7,22598,4.8,8079,1.7,46803,7.3,14122042,3167.7,4998834,33.9,441598,3
"May 1, 2021",3732,55458,11.8,470465,3193.1,22793,4.8,8102,1.7,45301,8.5,14167343,3193.1,5073931,34.4,444069,3
"May 2, 2021",3436,54378,11.5,473901,3216.4,22919,4.8,8118,1.7,33179,9.7,14200522,3216.4,5128281,34.8,445370,3
"May 3, 2021",2791,53893,11.3,476692,3235.3,23069,4.8,8143,1.7,33740,9.1,14234262,3235.3,5215665,35.4,448119,3
"May 4, 2021",2941,52867,11,479633,3255.3,23205,4.8,8187,1.7,45767,6.6,14280029,3255.3,5347509,36.3,452214,3.1
"May 5, 2021",3424,51794,10.7,483057,3278.5,23397,4.8,8213,1.7,54118,6.8,14334147,3278.5,5482836,37.2,456334,3.1
"May 6, 2021",3166,50735,10.4,486223,3300,23571,4.8,8236,1.7,51338,7.0,14385485,3300,5626547,38.2,460497,3.1
"May 7, 2021",2864,49659,10.2,489087,3319.4,23760,4.9,8261,1.7,47817,6.8,14433302,3319.4,5762953,39.1,464273,3.2
"May 8, 2021",3216,48933,9.9,492303,3341.3,23914,4.9,8308,1.7,38540,7.1,14471842,3341.3,5882937,39.9,467271,3.2
"May 9, 2021",2716,47842,9.7,495019,3359.7,24038,4.9,8327,1.7,27175,9.1,14499017,3359.7,5978029,40.6,468872,3.2
"May 10, 2021",2073,46797,9.4,497092,3373.8,24155,4.9,8342,1.7,28109,8.5,14527126,3373.8,6085459,41.3,472790,3.2
"May 11, 2021",2320,45718,9.2,499412,3389.5,24294,4.9,8374,1.7,45681,6.4,14572807,3389.5,6221879,42.2,479054,3.3
"May 12, 2021",2759,44416,8.8,502171,3408.2,24486,4.9,8405,1.7,47638,5.7,14620445,3408.2,6355657,43.1,485717,3.3
"May 13, 2021",2362,43400,8.6,504533,3424.3,24625,4.9,8431,1.7,44040,6.1,14664485,3424.3,6492855,44.1,495170,3.4
"May 14, 2021",2584,42492,8.4,507117,3441.8,24743,4.9,8455,1.7,42320,6.2,14706805,3441.8,6641007,45.1,504565,3.4
"May 15, 2021",2199,41107,8.1,509316,3456.7,24892,4.9,8485,1.7,33142,6.8,14739947,3456.7,6775541,46,512333,3.5
"May 16, 2021",2170,39662,7.8,511486,3471.5,24943,4.9,8489,1.7,24498,7.9,14764445,3471.5,6885211,46.7,516079,3.5
"May 17, 2021",1616,38743,7.6,513102,3482.4,25075,4.9,8506,1.7,22915,7.6,14787360,3482.4,6984019,47.4,526325,3.6
"May 18, 2021",1588,37271,7.2,514690,3493.2,25199,4.9,8525,1.7,38422,5.2,14825782,3493.2,7115880,48.3,542094,3.7
"May 19, 2021",2400,36016,7,517090,3509.5,25334,4.9,8552,1.7,45406,5.2,14871188,3509.5,7245749,49.2,561425,3.8
"May 20, 2021",1890,35015,6.7,518980,3522.3,25453,4.9,8579,1.7,37126,5.4,14908314,3522.3,7384701,50.1,585190,4
"May 21, 2021",1794,34057,6.5,520774,3534.5,25564,4.9,8599,1.7,34576,6.0,14942890,3534.5,7555099,51.3,611645,4.2
"May 22, 2021",1691,32906,6.3,522465,3546,25963,5,8614,1.6,31227,5.7,14974117,3546,7680943,52.1,623537,4.2
"May 23, 2021",1446,31350,6,523911,3555.8,26066,5,8622,1.6,20151,6.4,14994268,3555.8,7773079,52.8,630173,4.3
"May 24, 2021",1039,30266,5.8,524950,3562.8,26127,5,8655,1.6,16857,6.2,15011125,3562.8,7854191,53.3,637091,4.3
"May 25, 2021",1095,29147,5.5,526045,3570.3,26241,5,8678,1.6,24008,5.3,15035133,3570.3,7965352,54.1,663145,4.5
"May 26, 2021",1135,28085,5.3,527180,3578,26366,5,8697,1.6,37705,3.6,15072838,3578,8086288,54.9,691455,4.7
"May 27, 2021",1273,27028,5.1,528453,3586.6,26434,5,8711,1.6,40866,3.4,15113704,3586.6,8216382,55.8,722269,4.9
"May 28, 2021",1057,25475,4.8,529510,3593.8,26493,5,8726,1.6,33559,3.6,15147263,3593.8,8331513,56.5,757820,5.1
"May 29, 2021",1033,24085,4.5,530543,3600.8,26559,5,8744,1.6,26565,4.2,15173828,3600.8,8448723,57.3,787995,5.3
"May 30, 2021",916,22944,4.3,531459,3607,26602,5,8757,1.6,18226,4.3,15192054,3607,8527275,57.9,807027,5.5
"May 31, 2021",699,21554,4.1,532158,3611.8,26629,5,8766,1.6,20262,3.6,15212316,3611.8,8615644,58.5,839976,5.7
"June 1, 2021",733,20411,3.8,532891,3616.7,26703,5,8791,1.6,31768,2.8,15244084,3616.7,8715644,59.2,882324,6
"June 2, 2021",870,19439,3.6,533761,3622.6,26765,5,8801,1.6,34277,2.8,15278361,3622.6,8813471,59.8,936937,6.4
"June 3, 2021",914,18491,3.5,534675,3628.8,26814,5,8820,1.6,32258,2.8,15310619,3628.8,8927062,60.6,1002260,6.8
"June 4, 2021",744,17374,3.2,535419,3633.9,26858,5,8844,1.7,27819,3.1,15338438,3633.9,9028503,61.3,1069978,7.3
"June 5, 2021",663,16093,3,536082,3638.4,26907,5,8854,1.7,22635,2.8,15361073,3638.4,9118725,61.9,1140809,7.7
"June 6, 2021",525,15133,2.8,536607,3642,26931,5,8869,1.7,15177,3.6,15376250,3642,9180606,62.3,1196802,8.1
"June 7, 2021",469,13974,2.6,537076,3645.1,26967,5,8887,1.7,17579,2.7,15393829,3645.1,9251465,62.8,1285276,8.7
"June 8, 2021",411,12981,2.4,537487,3647.9,27029,5,8920,1.7,30456,2.0,15424285,3647.9,9320637,63.3,1394939,9.5
"June 9, 2021",590,12264,2.3,538077,3651.9,27074,5,8931,1.7,31423,2.0,15455708,3651.9,9385449,63.7,1512934,10.3
"June 10, 2021",574,11662,2.2,538651,3655.8,27106,5,8935,1.7,28949,2.0,15484657,3655.8,9451430,64.1,1648842,11.2
"June 11, 2021",502,11182,2.1,539153,3659.2,27151,5,8950,1.7,24099,2.1,15508756,3659.2,9512597,64.6,1784664,12.1
"June 12, 2021",530,10572,2,539683,3662.8,27190,5,8957,1.7,20731,2.6,15529487,3662.8,9570181,65,1915037,13
"June 13, 2021",447,9861,1.8,540130,3665.9,27212,5,8961,1.7,13588,2.8,15543075,3665.9,9608053,65.2,2013280,13.7
"June 14, 2021",296,9333,1.7,540426,3667.9,27266,5,8974,1.7,17162,2.3,15560237,3667.9,9649405,65.5,2158334,14.6
"June 15, 2021",384,8706,1.6,540810,3670.5,27299,5,8986,1.7,28076,1.5,15588313,3670.5,9690742,65.8,2320412,15.7
"June 16, 2021",370,8355,1.5,541180,3673,27327,5,8993,1.7,30454,1.3,15618767,3673,9727507,66,2491262,16.9
"June 17, 2021",345,8039,1.5,541525,3675.3,27364,5.1,8994,1.7,26643,1.4,15645410,3675.3,9761798,66.3,2671415,18.1
"June 18, 2021",355,7603,1.4,541880,3677.7,27407,5.1,9007,1.7,25368,1.4,15670778,3677.7,9796220,66.5,2850191,19.3
"June 19, 2021",318,7109,1.3,542198,3679.9,27433,5.1,9019,1.7,21063,1.7,15691841,3679.9,9830927,66.7,2999661,20.4
"June 20, 2021",270,6615,1.2,542468,3681.7,27460,5.1,9022,1.7,13828,2.5,15705669,3681.7,9851139,66.9,3098310,21
"June 21, 2021",296,6238,1.1,542764,3683.7,27575,5.1,9082,1.7,16784,1.6,15722453,3683.7,9877519,67,3273832,22.2
"June 22, 2021",255,5925,1.1,543019,3685.5,27614,5.1,9093,1.7,27364,1.2,15749817,3685.5,9905009,67.2,3473709,23.6
"June 23, 2021",296,5695,1,543315,3687.5,27645,5.1,9099,1.7,29514,1.1,15779331,3687.5,9930610,67.4,3672786,24.9
"June 24, 2021",256,5469,1,543571,3689.2,27643,5.1,9101,1.7,26561,1.3,15805892,3689.2,9957545,67.6,3893945,26.4
"June 25, 2021",346,5226,1,543917,3691.6,27701,5.1,9114,1.7,25626,1.1,15831518,3691.6,9986490,67.8,4123209,28
"June 26, 2021",287,4925,0.9,544204,3693.5,27729,5.1,9126,1.7,18524,1.5,15850042,3693.5,10013417,68,4298750,29.2
"June 27, 2021",210,4714,0.9,544414,3694.9,27752,5.1,9129,1.7,13071,1.8,15863113,3694.9,10033931,68.1,4475963,30.4
"June 28, 2021",299,4511,0.8,544713,3697,27855,5.1,9154,1.7,28306,1.6,15891419,3697,10057520,68.3,4699574,31.9
"June 29, 2021",184,4317,0.8,544897,3698.2,27879,5.1,9168,1.7,27258,1.0,15918677,3698.2,10080848,68.4,4948850,33.6
"June 30, 2021",284,4173,0.8,545181,3700.2,27896,5.1,9187,1.7,26929,0.9,15945606,3700.2,10105279,68.6,5193407,35.2
"July 1, 2021",200,4004,0.7,545381,3701.5,27925,5.1,9196,1.7,25161,0.9,15970767,3701.5,10115891,68.7,5325139,36.1
"July 2, 2021",209,3874,0.7,545590,3702.9,27943,5.1,9205,1.7,17080,1.0,15987847,3702.9,10134859,68.8,5520496,37.5
"July 3, 2021",213,3743,0.7,545803,3704.4,27962,5.1,9214,1.7,18989,1.3,16006836,3704.4,10153274,68.9,5695574,38.7
"July 4, 2021",170,3579,0.7,545973,3705.5,27976,5.1,9215,1.7,12949,1.3,16019785,3705.5,10165268,69,5831073,39.6
"July 5, 2021",244,3454,0.6,546217,3707.2,28004,5.1,9224,1.7,15806,0.9,16035591,3707.2,10184242,69.1,6029143,40.9
"July 6, 2021",194,3372,0.6,546411,3708.5,28023,5.1,9224,1.7,26976,0.9,16062567,3708.5,10206354,69.3,6251026,42.4
"July 7, 2021",210,3263,0.6,546621,3709.9,28044,5.1,9228,1.7,25857,0.8,16088424,3709.9,10226760,69.4,6458927,43.8
"July 8, 2021",183,3189,0.6,546804,3711.2,28053,5.1,9237,1.7,26101,0.7,16114525,3711.2,10247457,69.5,6662757,45.2
"July 9, 2021",179,3141,0.6,546983,3712.4,28079,5.1,9245,1.7,23695,0.6,16138220,3712.4,10267208,69.7,6849669,46.5
"July 10, 2021",166,3070,0.6,547149,3713.5,-,-,9251,1.7,19651,0.9,16157871,3713.5,10284138,69.8,7002366,47.5
"July 11, 2021",114,2935,0.5,547263,3714.3,28097,5.1,9251,1.7,15933,0.9,16173804,3714.3,10295192,69.9,7113233,48.3
"July 12, 2021",146,2794,0.5,547409,3715.3,28109,5.1,9258,1.7,17489,0.8,16191293,3715.3,10313317,70,7270586,49.3
"July 13, 2021",153,2697,0.5,547562,3716.3,28119,5.1,9265,1.7,29085,0.6,16220378,3716.3,10331824,70.1,7429594,50.4
"July 14, 2021",143,2615,0.5,547705,3717.3,28139,5.1,9275,1.7,31329,0.5,16251707,3717.3,10350612,70.2,7575377,51.4
"July 15, 2021",159,2550,0.5,547864,3718.4,28152,5.1,9285,1.7,28126,0.6,16279833,3718.4,10369719,70.4,7723009,52.4
"July 16, 2021",176,2463,0.4,548040,3719.6,28163,5.1,9288,1.7,21392,0.60,16301225,3719.6,10389137,70.5,7873868,53.4
"July 17, 2021",177,2369,0.4,548217,3720.8,28173,5.1,9294,1.7,14805,1.00,16316030,3720.8,10404408,70.6,7990293,54.2
"July 18, 2021",130,2363,0.4,548347,3721.6,28179,5.1,9294,1.7,11567,1.00,16327597,3721.6,10414430,70.7,8071098,54.8
"July 19, 2021",127,2353,0.4,548474,3722.5,28190,5.1,9296,1.7,13586,0.9,16341183,3722.5,10430656,70.8,8186290,55.6
"July 20, 2021",135,2287,0.4,548609,3723.4,28200,5.1,9300,1.7,20750,0.8,16361933,3723.4,10446939,70.9,8307878,56.4
"July 21, 2021",185,2248,0.4,548794,3724.7,28210,5.1,9307,1.7,19599,0.9,16381532,3724.7,10463758,71,8414229,57.1
"July 22, 2021",192,2245,0.4,548986,3726,28211,5.1,9308,1.7,19757,0.9,16401289,3726,10479992,71.1,8515879,57.8
"July 23, 2021",170,2185,0.4,549156,3727.1,28221,5.1,9311,1.7,19131,0.80,16420420,3727.1,10497690,71.2,8622621,58.5
"July 24, 2021",172,2141,0.4,549328,3728.3,28233,5.1,9313,1.7,13902,1.10,16434322,3728.3,10511924,71.3,8709974,59.1
"July 25, 2021",119,2165,0.4,549447,3729.1,28239,5.1,9316,1.7,11930,1.00,16446252,3729.1,10521435,71.4,8765936,59.5
"July 26, 2021",129,2162,0.4,549576,3730,28248,5.1,9321,1.7,13644,1.0,16459896,3730,10535903,71.5,8841247,60
"July 27, 2021",158,2157,0.4,549734,3731.1,28257,5.1,9325,1.7,20527,0.8,16480423,3731.1,10551492,71.6,8917095,60.5
"July 28, 2021",218,2165,0.4,549952,3732.5,28259,5.1,9328,1.7,19425,1.3,16499848,3732.5,10567317,71.7,8988255,61
"July 29, 2021",226,2178,0.4,550178,3734.1,28273,5.1,9339,1.7,20993,1.1,16520841,3734.1,10582571,71.8,9054613,61.5
"July 30, 2021",258,2195,0.4,550436,3735.8,28283,5.1,9345,1.7,19112,1.2,16539953,3735.8,10597473,71.9,9121158,61.9
"July 31, 2021",218,2291,0.4,550654,3737.3,28292,5.1,9347,1.7,14122,1.4,16554075,3737.3,10608151,72,9170523,62.2
"August 1, 2021",168,2374,0.4,550822,3738.4,28299,5.1,9348,1.7,11658,1.3,16565733,3738.4,10615046,72,9204778,62.5
"August 2, 2021",164,2426,0.4,550986,3739.6,28307,5.1,9349,1.7,11515,1.1,16577248,3739.6,10620262,72.1,9230695,62.6
"August 3, 2021",139,2460,0.4,551125,3740.5,28319,5.1,9360,1.7,17115,1.2,16594363,3740.5,10631905,72.2,9278286,63
"August 4, 2021",213,2478,0.4,551338,3741.9,28328,5.1,9374,1.7,23494,1.2,16617857,3741.9,10643740,72.2,9323952,63.3
"August 5, 2021",340,2489,0.5,551678,3744.2,28345,5.1,9392,1.7,23448,1.4,16641305,3744.2,10654888,72.3,9366686,63.6
"August 6, 2021",378,2532,0.5,552056,3746.8,28359,5.1,9401,1.7,20858,1.8,16662163,3746.8,10666385,72.4,9415707,63.9
"August 7, 2021",423,2626,0.5,552479,3749.7,28363,5.1,9407,1.7,14963,2.0,16677126,3749.7,10675081,72.5,9453796,64.2
"August 8, 2021",325,2792,0.5,552804,3751.9,28372,5.1,9407,1.7,15805,2.3,16692931,3751.9,10680618,72.5,9478037,64.3
"August 9, 2021",321,3068,0.6,553125,3754.1,28391,5.1,9409,1.7,16479,1.7,16709410,3754.1,10690527,72.6,9515463,64.6
"August 10, 2021",324,3249,0.6,553449,3756.3,28406,5.1,9412,1.7,24772,1.7,16734182,3756.3,10700643,72.6,9552180,64.8
"August 11, 2021",513,3463,0.6,553962,3759.7,28417,5.1,9412,1.7,22896,2.1,16757078,3759.7,10711253,72.7,9589017,65.1
"August 12, 2021",510,3670,0.7,554472,3763.2,28435,5.1,9416,1.7,23586,2.0,16780664,3763.2,10722433,72.8,9625705,65.3
"August 13, 2021",578,3892,0.7,555050,3767.1,28456,5.1,9418,1.7,23468,2.4,16804132,3767.1,10734037,72.9,9663592,65.6
"August 14, 2021",511,4190,0.8,555561,3770.6,28475,5.1,9418,1.7,19192,2.6,16823324,3770.6,10743407,72.9,9694491,65.8
"August 15, 2021",526,4471,0.8,556087,3774.2,28479,5.1,9418,1.7,15784,2.7,16839108,3774.2,10749278,73,9714450,65.9
"August 16, 2021",348,4775,0.9,556435,3776.5,28498,5.1,9428,1.7,17408,2.6,16856516,3776.5,10759829,73,9742626,66.1
"August 17, 2021",485,5085,0.9,556920,3779.8,28523,5.1,9431,1.7,26307,2.5,16882823,3779.8,10771286,73.1,9771449,66.3
"August 18, 2021",531,5380,1,557451,3783.4,28543,5.1,9448,1.7,26213,2.4,16909036,3783.4,10787352,73.2,9799749,66.5
"August 19, 2021",650,5668,1,558101,3787.8,28572,5.1,9450,1.7,28635,2.4,16937671,3787.8,10803220,73.3,9828705,66.7
"August 20, 2021",689,5947,1.1,558790,3792.5,28597,5.1,9451,1.7,26096,2.7,16963767,3792.5,10817967,73.4,9860407,66.9
"August 21, 2021",722,6346,1.1,559512,3797.4,28623,5.1,9453,1.7,23075,3.2,16986842,3797.4,10828418,73.5,9882931,67.1
"August 22, 2021",639,6706,1.2,560151,3801.8,28644,5.1,9453,1.7,19866,2.8,17006708,3801.8,10835222,73.5,9898580,67.2
"August 23, 2021",486,6972,1.2,560637,3805.1,28717,5.1,9471,1.7,17369,3.0,17024077,3805.1,10848188,73.6,9921565,67.3
"August 24, 2021",660,7346,1.3,561297,3809.5,28788,5.1,9472,1.7,26406,2.4,17050483,3809.5,10862177,73.7,9947076,67.5
"August 25, 2021",678,7456,1.3,561975,3814.1,28820,5.1,9472,1.7,27815,2.8,17078298,3814.1,10875349,73.8,9971201,67.7
"August 26, 2021",781,7632,1.4,562756,3819.4,28861,5.1,9489,1.7,30063,3.0,17108361,3819.4,10887826,73.9,9994042,67.8
"August 27, 2021",835,7885,1.4,563591,3825.1,28900,5.1,9496,1.7,28528,2.6,17136889,3825.1,10900868,74,10018611,68
"August 28, 2021",740,8163,1.4,564331,3830.1,28920,5.1,9498,1.7,22890,3.3,17159779,3830.1,10910820,74.1,10037769,68.1
"August 29, 2021",694,8508,1.5,565025,3834.8,28936,5.1,9498,1.7,18561,3.6,17178340,3834.8,10916778,74.1,10049263,68.2
"August 30, 2021",525,8720,1.5,565550,3838.4,28961,5.1,9503,1.7,19643,3.1,17197983,3838.4,10928348,74.2,10068195,68.3
"August 31, 2021",656,8915,1.6,566206,3842.8,29001,5.1,9516,1.7,27572,2.9,17225555,3842.8,10940946,74.3,10089156,68.5
"September 1, 2021",865,9043,1.6,567071,3848.7,29042,5.1,9530,1.7,27293,3.0,17252848,3848.7,10956257,74.4,10108026,68.6
"September 2, 2021",807,9219,1.6,567878,3854.2,29080,5.1,9536,1.7,28786,3.2,17281634,3854.2,10976990,74.5,10129687,68.8
"September 3, 2021",944,9511,1.7,568822,3860.6,29124,5.1,9545,1.7,26259,3.5,17307893,3860.6,10997278,74.6,10153656,68.9
"September 4, 2021",811,9670,1.7,569633,3866.1,29160,5.1,9548,1.7,22410,0.0,17330303,3866.1,11011232,74.7,10171471,69
"September 5, 2021",581,9833,1.7,570214,3870.1,29182,5.1,9550,1.7,19200,3.6,17349503,3870.1,11020562,74.8,10183005,69.1
"September 6, 2021",564,9977,1.7,570778,3873.9,29202,5.1,9553,1.7,17118,3.4,17366621,3873.9,11026907,74.8,10190365,69.2
"September 7, 2021",554,9948,1.7,571332,3877.6,29245,5.1,9569,1.7,21840,3.3,17388461,3877.6,11043685,75,10210429,69.3
"September 8, 2021",798,10084,1.8,572130,3883.1,29298,5.1,9579,1.7,29684,3.1,17418145,3883.1,11060419,75.1,10229239,69.4
"September 9, 2021",848,10094,1.8,572978,3888.8,29330,5.1,9590,1.7,28247,3.1,17446392,3888.8,11075609,75.2,10247385,69.5
"September 10, 2021",857,10137,1.8,573835,3894.6,29361,5.1,9605,1.7,26268,3.5,17472660,3894.6,11091207,75.3,10269994,69.7
"September 11, 2021",784,10191,1.8,574619,3899.9,29380,5.1,9611,1.7,23625,3.2,17496285,3899.9,11102457,75.4,10287156,69.8
"September 12, 2021",600,10143,1.8,575219,3904,29401,5.1,9617,1.7,19125,3.1,17515410,3904,11108646,75.4,10295922,69.9
"September 13, 2021",577,10227,1.8,575796,3907.9,29428,5.1,9624,1.7,21133,2.3,17536543,3907.9,11119896,75.5,10310573,70
"September 14, 2021",593,10224,1.8,576389,3912,29470,5.1,9629,1.7,33220,2.5,17569763,3912,11133577,75.6,10329311,70.1
"September 15, 2021",864,10230,1.8,577253,3917.8,29510,5.1,9632,1.7,34365,2.4,17604128,3917.8,11147264,75.7,10347816,70.2
"September 16, 2021",795,10144,1.8,578048,3923.2,29540,5.1,9637,1.7,33763,2.4,17637891,3923.2,11160615,75.7,10366410,70.4
"September 17, 2021",821,10168,1.8,578869,3928.8,29561,5.1,9647,1.7,30716,2.5,17668607,3928.8,11174429,75.8,10388920,70.5
"September 18, 2021",715,10117,1.7,579584,3933.6,29576,5.1,9653,1.7,29906,2.3,17698513,3933.6,11185047,75.9,10407293,70.6
"September 19, 2021",610,10080,1.7,580194,3937.8,29589,5.1,9655,1.7,23864,2.7,17722377,3937.8,11191015,76,10417145,70.7
"September 20, 2021",574,9988,1.7,580768,3941.7,29620,5.1,9663,1.7,23631,2.4,17746008,3941.7,11202011,76,10433344,70.8
"September 21, 2021",463,9983,1.7,581231,3944.8,29662,5.1,9670,1.7,39092,1.8,17785100,3944.8,11216661,76.1,10455549,71
"September 22, 2021",677,9909,1.7,581908,3949.4,29691,5.1,9677,1.7,37630,1.9,17822730,3949.4,11232628,76.2,10480743,71.1
"September 23, 2021",727,9974,1.7,582635,3954.4,29727,5.1,9688,1.7,36855,1.8,17859585,3954.4,11248052,76.3,10506404,71.3
"September 24, 2021",640,7346,1.3,583275,3958.7,29768,5.1,9698,1.7,33303,1.9,17892888,3958.7,11263178,76.4,10535219,71.5
"September 25, 2021",653,7456,1.3,583928,3963.1,29768,5.1,9704,1.7,31063,2.0,17923951,3963.1,11275452,76.5,10558781,71.7
"September 26, 2021",613,9597,1.6,584541,3967.3,29798,5.1,9704,1.7,22633,2.0,17946584,3967.3,11281891,76.6,10570616,71.7
"September 27, 2021",466,9397,1.6,585007,3970.5,29832,5.1,9715,1.7,23785,2.1,17970369,3970.5,11292974,76.6,10587638,71.9
"September 28, 2021",495,9302,1.6,585502,3973.8,29860,5.1,9723,1.7,36404,1.7,18006773,3973.8,11305263,76.7,10608383,72
"September 29, 2021",647,9171,1.6,586149,3978.2,29880,5.1,9732,1.7,38788,1.7,18045561,3978.2,11316727,76.8,10628868,72.1
"September 30, 2021",668,9137,1.6,586817,3982.7,29917,5.1,9743,1.7,35927,1.8,18081488,3982.7,11326312,76.9,10646387,72.3
"October 1, 2021",704,8908,1.5,587521,3987.5,29941,5.1,9750,1.7,28519,1.8,18110007,3987.5,11337269,76.9,10669121,72.4
"October 2, 2021",580,8787,1.5,588101,3991.5,29963,5.1,9752,1.7,32220,2.0,18142227,3991.5,11345332,77,10686775,72.5
"October 3, 2021",511,8608,1.5,588612,3994.9,29980,5.1,9754,1.7,23667,2.0,18165894,3994.9,11349951,77,10696269,72.6
"October 4, 2021",429,8455,1.4,589041,3997.8,30001,5.1,9757,1.7,25441,1.8,18191335,3997.8,11358357,77.1,10711351,72.7
"October 5, 2021",476,8344,1.4,589517,4001.1,30032,5.1,9771,1.7,39460,1.7,18230795,4001.1,11367847,77.2,10728896,72.8
"October 6, 2021",587,8328,1.4,590104,4005,30052,5.1,9776,1.7,37057,1.7,18267852,4005,11377048,77.2,10745249,72.9
"October 7, 2021",573,8131,1.4,590677,4008.9,30086,5.1,9786,1.7,37118,1.8,18304970,4008.9,11387644,77.3,10763202,73.1
"October 8, 2021",654,8146,1.4,591331,4013.4,30112,5.1,9788,1.7,31123,1.8,18336093,4013.4,11398148,77.4,10783158,73.2
"October 9, 2021",535,7978,1.3,591886,4017.1,30130,5.1,9790,1.7,29755,1.8,18365848,4017.1,11405688,77.4,10797529,73.3
"October 10, 2021",458,7992,1.3,592324,4020.1,30147,5.1,9792,1.7,20785,1.9,18386633,4020.1,11409370,77.4,10804949,73.3
"October 11, 2021",390,7907,1.3,592714,4022.8,30165,5.1,9792,1.7,18280,1.9,18404913,4022.8,11410782,77.4,10807742,73.4
"October 12, 2021",306,7784,1.3,593020,4024.8,30194,5.1,9804,1.7,23219,1.7,18428132,4024.8,11419786,77.5,10825066,73.5
"October 13, 2021",417,7694,1.3,593437,4027.7,30226,5.1,9807,1.7,35421,1.5,18463553,4027.7,11428499,77.6,10841937,73.6
"October 14, 2021",496,7569,1.3,593933,4031,30269,5.1,9809,1.7,35905,1.4,18499458,4031,11437154,77.6,10859240,73.7
"October 15, 2021",486,7341,1.2,594419,4034.3,30295,5.1,9814,1.7,32626,1.7,18532084,4034.3,11445897,77.7,10878364,73.8
"October 16, 2021",443,7077,1.2,594862,4037.3,30310,5.1,9813,1.6,27395,1.4,18559479,4037.3,11453001,77.7,10893168,73.9
"October 17, 2021",373,7029,1.2,595235,4039.9,30328,5.1,9815,1.6,20432,1.8,18579911,4039.9,11456655,77.8,10901023,74
"October 18, 2021",328,6911,1.2,595563,4042.1,30344,5.1,9819,1.6,20792,1.5,18600703,4042.1,11463015,77.8,10913046,74.1
"October 19, 2021",304,6742,1.1,595867,4044.2,30362,5.1,9823,1.6,31569,1.3,18632272,4044.2,11470373,77.8,10927322,74.2
"October 20, 2021",413,6589,1.1,596280,4047,30389,5.1,9827,1.6,31889,1.6,18664161,4047,11476849,77.9,10939720,74.2
"October 21, 2021",492,6485,1.1,596772,4050.3,30422,5.1,9839,1.6,28906,1.4,18693067,4050.3,11483942,77.9,10954187,74.3
"October 22, 2021",373,6227,1,597145,4052.8,30445,5.1,9845,1.6,27302,1.5,18720369,4052.8,11491340,78,10970533,74.5
"October 23, 2021",370,6117,1,597515,4055.3,30453,5.1,9846,1.6,25328,1.2,18745697,4055.3,11496951,78,10982523,74.5
"October 24, 2021",326,5872,1,597841,4057.6,30468,5.1,9846,1.6,18397,1.6,18764094,4057.6,11499593,78,10988729,74.6
"October 25, 2021",269,5716,1,598110,4059.4,30486,5.1,9852,1.6,21827,1.5,18785921,4059.4,11504757,78.1,10999173,74.7
"October 26, 2021",321,5539,0.9,598431,4061.6,30499,5.1,9862,1.6,30776,1.4,18816697,4061.6,11510619,78.1,11011671,74.7
"October 27, 2021",409,5418,0.9,598840,4064.3,30518,5.1,9865,1.6,31383,1.3,18848080,4064.3,11516243,78.2,11023696,74.8
"October 28, 2021",419,5364,0.9,599259,4067.2,30538,5.1,9865,1.6,29592,1.3,18877672,4067.2,11521732,78.2,11036086,74.9
"October 29, 2021",356,5322,0.9,599615,4069.6,30560,5.1,9869,1.6,26767,1.4,18904439,4069.6,11527535,78.2,11049979,75
"October 30, 2021",340,5412,0.9,599955,4071.9,30571,5.1,9871,1.6,25707,1.7,18930146,4071.9,11531956,78.3,11060044,75.1
"October 31, 2021",422,5229,0.9,600377,4074.8,30578,5.1,9874,1.6,19840,1.8,18949986,4074.8,11533933,78.3,11064853,75.1
"November 1, 2021",331,5087,0.8,600708,4077,30608,5.1,9881,1.6,20148,1.5,18970134,4077,11538019,78.3,11072104,75.1
"November 2, 2021",378,5134,0.9,601086,4079.6,30640,5.1,9886,1.6,32950,1.4,19003084,4079.6,11542775,78.3,11081144,75.2
"November 3, 2021",438,5103,0.8,601524,4082.6,30659,5.1,9891,1.6,32129,1.7,19035213,4082.6,11547366,78.4,11090551,75.3
"November 4, 2021",563,5128,0.9,602087,4086.4,30685,5.1,9896,1.6,30187,1.8,19065400,4086.4,11551555,78.4,11099584,75.3
"November 5, 2021",508,5182,0.9,602595,4089.8,30699,5.1,9896,1.6,30145,1.9,19095545,4089.8,11556516,78.4,11111112,75.4
"November 6, 2021",636,5260,0.9,603231,4094.1,30718,5.1,9898,1.6,27146,2.0,19122691,4094.1,11560326,78.5,11119555,75.5
"November 7, 2021",480,5376,0.9,603711,4097.4,30730,5.1,9900,1.6,22980,2.2,19145671,4097.4,11562328,78.5,11124073,75.5
"November 8, 2021",441,5565,0.9,604152,4100.4,30756,5.1,9903,1.6,19368,3.1,19165039,4100.4,11565937,78.5,11131194,75.5
"November 9, 2021",454,5786,1,604606,4103.5,30784,5.1,9912,1.6,33364,1.8,19198403,4103.5,11570267,78.5,11139599,75.6
"November 10, 2021",642,6034,1,605248,4107.8,30809,5.1,9916,1.6,29814,2.1,19228217,4107.8,11574413,78.6,11148103,75.7
"November 11, 2021",598,6133,1,605846,4111.9,30840,5.1,9921,1.6,30230,2.5,19258447,4111.9,11578395,78.6,11155825,75.7
"November 12, 2021",661,6375,1.1,606507,4116.4,30867,5.1,9927,1.6,26456,2.4,19284903,4116.4,11583315,78.6,11166679,75.8
"November 13, 2021",666,6508,1.1,607173,4120.9,30889,5.1,9934,1.6,24853,2.7,19309756,4120.9,11587061,78.6,11174777,75.8
"November 14, 2021",552,6794,1.1,607725,4124.6,30908,5.1,9937,1.6,21475,2.2,19331231,4124.6,11589157,78.7,11179018,75.9
"November 15, 2021",481,7086,1.2,608206,4127.9,30944,5.1,9938,1.6,18965,2.5,19350196,4127.9,11592873,78.7,11185992,75.9
"November 16, 2021",512,7261,1.2,608718,4131.4,30969,5.1,9950,1.6,28931,2.5,19379127,4131.4,11596804,78.7,11193213,76
"November 17, 2021",711,7421,1.2,609429,4136.2,30997,5.1,9955,1.6,34347,2,19413474,4136.2,11600514,78.7,11200224,76
"November 18, 2021",793,7589,1.2,610222,4141.6,31025,5.1,9959,1.6,30515,2.6,19443989,4141.6,11604248,78.8,11207492,76.1
"November 19, 2021",728,7837,1.3,610950,4146.5,31067,5.1,9964,1.6,30138,2.3,19474127,4146.5,11608485,78.8,11215818,76.1
"November 20, 2021",741,8020,1.3,611691,4151.6,31087,5.1,9967,1.6,29799,2.6,19503926,4151.6,11611808,78.8,11222358,76.2
"November 21, 2021",627,8300,1.4,612318,4155.8,31102,5.1,9968,1.6,19552,3.4,19523478,4155.8,11613665,78.8,11225997,76.2
"November 22, 2021",613,8366,1.4,612931,4160,31130,5.1,9974,1.6,19859,3.1,19543337,4160,11616767,78.8,11231555,76.2
"November 23, 2021",591,8561,1.4,613522,4164,31166,5.1,9981,1.6,30092,2.5,19573429,4164,11620401,78.9,11237807,76.3
"November 24, 2021",748,8668,1.4,614270,4169.1,31200,5.1,9985,1.6,33932,2.6,19607361,4169.1,11624185,78.9,11243869,76.3
"November 25, 2021",927,8827,1.4,615197,4175.4,31223,5.1,9991,1.6,33901,3.0,19641262,4175.4,11635444,79,11249986,76.4
"November 26, 2021",854,8987,1.5,616051,4181.1,31253,5.1,9993,1.6,31444,3.0,19672706,4181.1,11657636,79.1,11256530,76.4
"November 27, 2021",964,9139,1.5,617015,4187.7,31270,5.1,9994,1.6,29692,3.2,19702398,4187.7,11685178,79.3,11261408,76.4
"November 28, 2021",788,9431,1.5,617803,4193,31288,5.1,9997,1.6,26016,3.5,19728414,4193,11703996,79.4,11264003,76.4
"November 29, 2021",687,9699,1.6,618490,4197.7,31321,5.1,10000,1.6,21476,3.0,19749890,4197.7,11724463,79.6,11268613,76.5
"November 30, 2021",780,9987,1.6,619270,4203,31360,5.1,10005,1.6,35364,3.1,19785254,4203,11750490,79.8,11273696,76.5
"December 1, 2021",959,10211,1.6,620229,4209.5,31395,5.1,10012,1.6,38480,2.9,19823734,4209.5,11776687,79.9,11278268,76.5
"December 2, 2021",1031,10386,1.7,621260,4216.5,31427,5.1,10016,1.6,39748,2.9,19863482,4216.5,11801405,80.1,11282963,76.6
"December 3, 2021",1053,10654,1.7,622313,4223.6,31449,5.1,10024,1.6,36268,3.5,19899750,4223.6,11828818,80.3,11288440,76.6
"December 4, 2021",1184,10982,1.8,623497,4231.7,31467,5,10024,1.6,31735,3.2,19931485,4231.7,11860499,80.5,11292465,76.6
"December 5, 2021",887,11257,1.8,624384,4237.7,31492,5,10027,1.6,25981,3.5,19957466,4237.7,11879513,80.6,11294903,76.7
"December 6, 2021",928,11734,1.9,625312,4244,31512,5,10036,1.6,26136,3.8,19983602,4244,-,-,-,-
"December 7, 2021",1009,11964,1.9,626321,4250.9,31551,5,10044,1.6,38502,3.3,20022104,4250.9,-,-,-,-
"December 8, 2021",1290,12206,1.9,627611,4259.6,31575,5,10054,1.6,40242,3.5,20062346,4259.6,-,-,-,-
"December 9, 2021",1453,12655,2,629064,4269.5,31600,5,10065,1.6,39941,4.4,20102287,4269.5,-,-,-,-
"December 10, 2021",1607,13056,2.1,630671,4280.4,31635,5,10070,1.6,42205,4.6,20144492,4280.4,-,-,-,-
"December 11, 2021",1476,13645,2.2,632147,4290.4,31670,5,10078,1.6,38477,5.4,20182969,4290.4,-,-,-,-
"December 12, 2021",1536,14206,2.2,633683,4300.8,31689,5,10079,1.6,38331,5.5,20221300,4300.8,-,-,-,-
